Country Name	Country Code	1997	1998	1999	2000	2001	2002	2003	2004	2005	2006	2007	2008	2009	2010	2011	2012	2013	2014	2015
Aruba	ABW															36015.07046				
Andorra	AND																			
Afghanistan	AFG						895.5991488	945.6869299	940.476299	1039.408242	1095.655628	1245.059223	1283.040986	1525.517054	1629.16729	1712.58872	1934.285634	1941.898323	1939.954125	1934.193634
Angola	AGO	2778.743543	2918.451406	2972.321938	3036.559728	3131.995858	2858.897069	2961.964572	3256.653754	3838.264572	4614.590809	5613.232196	6298.01244	6284.274905	6360.84898	6524.481181	6758.27805	7097.840138	7317.834073	7371.027656
Albania	ALB	2865.50751	3177.490786	3684.945153	4045.752069	4508.632006	4785.880981	5182.490367	5652.602673	6199.912727	7066.725645	7658.408578	8769.094336	9342.081246	9303.932476	9640.144593	10361.43322	10412.44172	11167.02257	11305.41742
Arab World	ARB	7972.130059	8345.371205	8590.182662	9022.789765	9248.465577	9324.919983	9624.999698	10601.28818	11342.57258	12213.23178	12925.95249	13680.19999	13722.91708	14203.77323	14577.29518	15473.457	15841.57224	16092.82525	16415.62726
United Arab Emirates	ARE	83165.26315	80040.2167	79262.38645	84974.89409	83533.55522	82369.68502	85563.63642	87843.70811	84338.35941	82754.28198	75426.79351	69124.39621	59100.38054	56245.47816	57594.12668	61172.99479	64229.46499	67921.39946	70237.94775
Argentina	ARG																			
Armenia	ARM	1840.696008	2012.338894	2123.61324	2313.331946	2605.771618	3007.219393	3510.316808	3998.143137	4716.243273	5526.092806	6483.504649	7097.912173	6158.301452	6376.268217	6803.482997	7401.856398	7734.780167	8099.208326	8393.511786
Antigua and Barbuda	ATG	13732.76683	14108.11207	14554.48083	15312.5665	14907.07263	15372.57819	16426.92431	17593.87624	19067.0683	22040.91366	24503.84487	24723.11189	21671.37575	20151.30987	19987.92414	20956.33642	21008.14698	22157.58162	22967.692
Australia	AUS	22990.70709	24216.73343	25268.51981	26373.96968	27398.68203	28685.30614	29693.41851	31310.50195	32559.45929	34322.91833	36563.46822	37479.28912	40257.16862	39168.25672	41763.11851	42596.29412	45476.97659	45937.30004	45514.17583
Austria	AUT	25532.15175	26728.58592	27752.71775	29566.24767	29856.60364	31261.55163	32202.44556	33800.70211	34691.20896	37626.14418	39234.32288	41151.58504	40620.39216	41892.77585	44022.39527	45858.24684	47416.28467	47706.48825	47824.18778
Azerbaijan	AZE	2634.158631	2901.351672	3136.093893	3534.329148	3942.084882	4393.967199	4945.907916	5551.448842	7169.150431	9830.162606	12477.38469	13799.78614	14900.50866	15627.60562	15754.15236	16180.88715	17174.31088	17584.68535	17739.95474
Burundi	BDI	552.2035397	576.4927641	569.6248028	565.3579325	574.8682608	591.4940159	576.4781864	599.8560986	603.2655406	632.6474358	656.8677489	679.0614557	683.4686854	693.4700034	712.6704834	730.0335656	750.7058449	772.6951222	736.0118339
Belgium	BEL	24303.3899	24831.83899	25922.82496	28278.29829	29198.02064	30767.29975	31052.37783	31975.60418	33042.89928	35071.37549	36579.6182	37846.95559	37629.44284	39257.83447	40858.72517	41930.66183	43057.20359	43409.24089	43991.62289
Benin	BEN	1171.559489	1196.354532	1242.716676	1305.034602	1361.728492	1400.049756	1428.792779	1483.357743	1507.891161	1565.55691	1651.808665	1714.280209	1716.207268	1723.796926	1761.574331	1826.808935	1931.929514	2037.586205	2109.845957
Burkina Faso	BFA	732.4923129	772.5805971	819.0421535	829.0523864	878.6072475	904.6273875	966.3056617	1007.368261	1096.688868	1165.274265	1225.850888	1300.498069	1308.546046	1393.562721	1470.435184	1547.649372	1583.161865	1626.266913	1659.220243
Bangladesh	BGD	1138.934299	1185.987717	1235.147515	1304.442358	1375.759114	1424.312233	1495.529221	1591.404389	1724.427708	1871.000135	2031.778522	2171.629728	2273.164201	2401.71874	2579.335048	2764.781928	2942.810045	3134.154252	3332.803445
Bulgaria	BGR	5404.800136	6120.069653	5778.966624	6344.336359	6895.369912	7760.335491	8386.675063	9155.589458	10123.97384	11440.90733	13319.24372	14934.77446	14870.80541	15084.32216	15603.05166	16097.83431	16573.47034	17207.59533	17511.76411
Bahrain	BHR	33048.3316	33861.90576	34579.99318	35792.04549	36005.75474	36288.46741	37374.89557	38724.49061	39770.76082	40220.94274	40979.87158	40843.84606	39343.22549	39423.65129	39676.71702	40992.55678	43400.02246	45666.48945	46946.33519
"Bahamas, The"	BHS	17338.20097	18157.7265	19515.95658	20486.83736	21131.6689	21606.43716	21304.66135	21619.39465	22602.88621	23417.23436	23928.02132	23397.81577	22196.81949	22431.13764	22665.16756	23234.79222	23277.87767	23576.96051	23795.4383
Bosnia and Herzegovina	BIH	3128.002497	3658.558859	4062.008663	4373.125089	4661.145307	4972.278989	5261.898096	5723.554247	6412.549886	7330.409433	8025.023207	8796.280753	8686.598414	8941.522708	9422.276108	9705.013979	10115.5404	10426.91728	10509.65142
Belarus	BLR	4596.67258	5060.880441	5331.032663	5785.87425	6245.425114	6703.775792	7369.828474	8497.621267	9662.054244	11022.0864	12345.10559	13917.75675	14082.53828	15385.45927	16603.38953	17218.3561	17683.1643	18250.56322	17660.94659
Belize	BLZ	4593.733977	4635.708792	4932.807083	5511.750367	5741.870779	5959.839536	6474.65237	6786.579326	7003.055092	7354.917682	7438.372326	7630.700312	7558.521501	7716.057237	7855.674423	8114.443709	8173.297557	8461.957885	8526.927511
Bermuda	BMU	33613.37247	35044.95134	36579.56343	40535.20826	43976.09251	43706.03474	45797.32036	47835.43923	49877.28411	53949.42371	56640.989	58288.61209	55320.16171	55254.21412	54984.51039	53097.69629	52443.84166		
Bolivia	BOL	3264.944963	3399.253115	3399.735758	3497.279475	3570.0555	3647.572088	3753.050849	3946.709016	4180.320068	4438.619391	4684.928029	4986.848846	5108.846894	5298.08291	5598.566773	5899.781303	6304.204096	6654.038846	6880.903359
Brazil	BRA	8518.539534	8507.23298	8545.798237	8963.389913	9182.108777	9468.347012	9629.948487	10324.81927	10860.39802	11501.98432	12389.56704	13140.76226	13093.99722	14114.51854	14827.14672	15246.26077	15816.8004	15951.22122	15359.3263
Barbados	BRB	10135.93055	10585.96971	10742.94385	11443.57652	11386.82975	11622.64182	12073.39022	12540.47317	13421.01435	14563.9997	15144.58071	15444.69153	14872.86448	15036.36253	15401.54965	15673.17331	15876.6183	16116.48757	16390.86492
Brunei Darussalam	BRN	57157.09876	56162.45612	57503.09719	59253.67743	61062.58217	63217.42997	65178.52895	66146.07321	67366.83381	71257.33161	72032.38932	70824.08444	68962.85521	70486.33306	73265.12163	74195.02119	73005.55546	71444.89878	70817.01851
Bhutan	BTN	2405.159108	2514.284088	2681.770229	2850.815991	3064.827799	3344.159882	3564.723225	3770.094685	4060.201675	4365.935906	5172.726954	5418.202026	5717.165737	6354.393934	6882.688407	7251.433192	7418.545355	7844.220327	8076.956876
Botswana	BWA	7328.001672	7317.558437	8003.46657	8212.672296	8296.887363	8814.832844	9283.020404	9661.290445	10268.51467	11277.62387	12310.67996	13082.00208	11934.06089	12854.16489	13634.26789	14211.00753	15548.26355	15990.94377	15807.08572
Central African Republic	CAF	634.8263635	657.015655	676.6546375	661.6501937	694.1575181	717.9844185	681.5610845	730.2605044	747.9034771	785.0939182	828.0776533	845.9024127	850.7776973	870.7391642	900.6397845	925.7149449	581.1246142	571.877458	597.3671903
Canada	CAN	25070.67818	26106.63169	27656.67692	29187.51875	30086.5628	30851.31148	32186.22686	33752.21339	36134.60224	37956.81425	39417.53198	40277.61931	38746.25028	40069.47096	41565.27122	42143.96878	44281.26918	45025.02614	44310.12108
Central Europe and the Baltics	CEB	8675.604767	9067.71088	9365.312828	10004.17368	10788.39261	11582.93844	12317.82008	13375.73816	14305.93499	15957.13225	17805.5728	19381.26986	19464.02269	20474.02239	21839.74529	22726.2262	23682.44688	24529.04708	25295.02807
Switzerland	CHE	30919.81056	31984.6286	32558.01319	34500.07861	35381.1937	36376.69245	36419.37836	37760.89215	39152.87342	43350.83895	47404.66762	50438.76295	49903.27319	51356.96398	54550.68937	57205.37219	59351.42306	59535.79974	60535.15876
Chile	CHL	8599.416631	8907.98353	8846.42962	9848.898397	10249.82649	10535.56041	11133.57073	11991.27253	12964.80494	15637.69644	16841.56003	16437.57209	16226.14868	18249.54077	20266.03603	21370.09931	21443.75036	22128.55767	22316.2077
China	CHN	2265.313589	2446.149933	2649.745162	2915.414665	3205.927472	3527.351904	3933.599477	4422.650321	5053.37904	5836.832773	6807.112205	7569.679892	8290.08893	9238.75527	10274.49435	11219.92767	12218.52112	13254.64298	14238.66934
Cote d'Ivoire	CIV	2325.24034	2398.613584	2411.940058	2360.206139	2367.134018	2319.377597	2292.627944	2343.02927	2415.250437	2478.838227	2538.131677	2598.689986	2645.430634	2671.139553	2546.906812	2803.700937	3037.257692	3270.137389	3495.829746
Cameroon	CMR	1728.458535	1784.388818	1836.001013	1905.370959	1984.237936	2041.760122	2111.164252	2192.349746	2256.197358	2339.807259	2417.748926	2472.469533	2475.605671	2522.88181	2614.495561	2715.35411	2840.743075	2983.08304	3122.643965
"Congo, Rep."	COG	3493.113944	3564.540556	3433.823369	3684.100083	3819.679366	3965.123278	3985.667797	4137.021948	4482.453591	4770.057891	4675.456706	4879.038556	5125.450614	5482.111376	5632.435875	5803.0888	5950.46862	6299.684353	6368.121285
Colombia	COL	6520.037003	6528.900673	6256.810181	6585.333975	6750.687139	6927.320919	7241.331945	7732.320562	8248.354961	8957.336622	9710.901183	10132.23949	10260.20522	10680.00208	11496.52725	12058.4613	12727.09917	13376.63066	13800.78663
Comoros	COM	1010.225585	1007.136936	1015.424602	1122.212766	1145.637356	1161.508506	1180.72193	1207.055047	1250.669241	1291.518663	1304.414622	1303.197522	1306.440009	1318.895891	1347.797753	1379.715987	1416.462203	1434.500524	
Cabo Verde	CPV	2149.791037	2386.443946	2634.083571	3014.572463	3091.34299	3245.295946	3393.994296	3791.219232	4137.486159	4566.166223	5365.042686	5803.386002	5739.376255	5850.145328	6147.974534	6256.800843	6344.342943	6543.352962	6689.81139
Costa Rica	CRI	6452.75894	6911.702669	7433.929706	7588.726	7705.16082	7918.920307	8463.380463	8934.268856	9624.79691	10638.83689	11624.96873	12011.73098	11823.19203	12402.95929	13072.14256	13839.46892	14386.89677	14972.58432	15377.22957
Caribbean small states	CSS	7726.341669	7955.681269	8347.925885	8804.591925	9153.701018	9627.895823	10445.42074	11169.61979	11894.64189	13092.1786	13818.6397	14235.86299	13752.60398	13853.52273	14221.69323	14574.17774	14945.463	15309.39481	15587.22313
Cuba	CUB	7647.935406	7713.899128	8287.856106	8948.602699	9414.413637	9666.82919	10205.7586	11066.04515	12678.60448	14626.52465	16093.62914	17075.49136	17443.36295	18061.00964	18924.76327	19820.97698	20648.97391		
Curacao	CUW																			
Cayman Islands	CYM															49902.14655				
Cyprus	CYP	17345.33047	18340.12068	19211.71957	20726.62731	22353.30074	22994.54008	23829.73189	25595.98111	27330.88191	29706.28784	31767.05246	34825.57756	34087.75901	33957.90165	32983.18518	31920.44547	30587.42435	30295.21278	30734.1752
Czech Republic	CZE	14892.66048	14969.25479	15387.3753	16282.47337	17650.28994	18318.35495	19609.26942	20984.65585	22286.45719	24400.72696	26680.49785	27111.5482	27008.80686	27069.63397	28604.21266	28727.90726	30043.5678	31185.8787	32167.05784
Germany	DEU	24183.8621	24871.24091	25798.2799	26630.51119	27725.11014	28435.90138	29362.42507	30694.90234	32184.05523	34690.33322	36777.78306	38438.74115	37112.88061	39639.47997	42142.5489	43600.1134	44184.82304	46393.87652	47268.43368
Djibouti	DJI	1639.942194	1629.415117	1660.912953	1677.661256	1723.537812	1768.428111	1833.863819	1928.388215	2025.13427	2158.330859	2298.569959	2447.953808	2557.639707	2644.628229	2782.971292	2932.233342	3087.463317	3282.360241	
Dominica	DMA	5723.779318	6113.757242	6284.868655	6472.655571	6653.295373	6623.116849	7248.304613	7660.475883	7875.683205	8337.973419	9090.500959	9909.982673	9852.901319	10016.24637	10189.39821	10206.27438	10387.85995	10917.07425	11277.92822
Denmark	DNK	25682.51972	26608.80135	27544.00656	29558.29463	30247.19638	31597.68986	31268.87647	33143.76317	34079.95976	37166.57369	38670.49766	40838.18875	39612.12763	41835.79665	43314.05636	44246.33062	45681.10934	45995.87271	46635.24473
Dominican Republic	DOM	5283.439652	5623.64629	5997.179025	6379.557666	6540.256508	6917.52972	6931.27888	7108.112024	7899.638192	8882.589788	9753.360241	10116.64652	10150.61626	10981.1766	11375.62039	11740.05363	12347.82075	13310.75301	14211.72455
Algeria	DZA	7145.647689	7479.17983	7727.189137	8093.611355	8416.638163	8911.553372	9622.016552	10179.01282	10975.69869	11341.09644	11858.65084	12186.16464	12267.0034	12637.38134	13026.19166	13452.55261	13779.82274	14259.02894	14687.39021
East Asia & Pacific (excluding high income)	EAP	2814.254166	2835.919602	3013.494043	3273.16242	3529.258567	3821.380084	4191.350919	4641.123175	5196.639532	5866.504149	6681.158888	7317.510974	7853.16417	8651.349595	9490.362804	10303.1965	11127.13135	11970.5694	12769.81191
Early-demographic dividend	EAR	3565.538053	3655.156936	3750.465962	3943.831498	4034.414664	4115.478317	4329.452313	4676.753868	5084.476506	5529.027518	5968.06183	6263.855185	6408.565108	6831.463072	7246.742263	7585.732317	7900.717364	8303.734568	8665.099885
East Asia & Pacific	EAS	5033.105401	5016.041408	5253.046521	5638.367007	5934.992676	6299.45255	6710.40961	7285.54791	7917.455481	8693.272098	9623.120158	10237.75826	10621.9783	11550.95565	12417.77037	13269.70624	14125.1092	14922.79705	15692.90621
Europe & Central Asia (excluding high income)	ECA	4866.307785	5200.828368	5362.48185	6031.818451	6369.519235	6806.920778	7517.181322	8438.968283	9534.126512	11386.11775	12660.34052	14546.21407	14060.06714	14955.03735	16822.86936	17616.37711	17549.02694	18224.53647	18061.0758
Europe & Central Asia	ECS	13481.65268	14132.55766	14666.41708	15810.76282	16638.40636	17348.71522	18024.20059	19139.90837	20365.09034	22538.89572	24123.97015	25701.39015	24992.74657	25892.41477	27480.45167	28157.8581	28681.45362	29369.23929	29680.11713
Ecuador	ECU	5940.552251	6079.388543	5768.535656	5855.634754	6120.931848	6360.97068	6555.373235	7169.973366	7664.289831	8110.479754	8366.130132	8920.477364	8889.192349	9163.157909	9926.952496	10512.4367	10997.81887	11413.21297	11388.1569
"Egypt, Arab Rep."	EGY	5177.113336	5348.06362	5659.24772	5989.66348	6227.450846	6353.465917	6563.171063	6890.970026	7297.265761	7895.792084	8531.592455	9159.31538	9485.180355	9897.748551	10071.20526	10252.52298	10402.00384	10571.33526	10891.25775
Euro area	EMU	21738.56113	22758.20885	23635.73863	25061.80851	26342.20007	27180.95914	27678.82449	28740.51288	30043.73553	32507.40681	34448.89493	35840.21861	34877.94596	35909.76487	37274.48583	37729.2815	38581.46764	39283.35882	39961.82244
Eritrea	ERI	1338.250831	1345.146259	1329.1041	1277.34506	1374.249997	1386.625879	1327.699789	1337.520796	1373.42127	1365.039126	1388.50525	1250.467298	1282.333846	1299.289896	1411.157638				
Spain	ESP	18166.37793	19381.03976	20316.23289	21869.54874	23218.8974	24659.0987	25337.11082	26437.85409	27868.95195	30860.71588	32803.37512	33729.51679	32796.66547	32372.85437	32530.09314	32235.59592	32842.42456	33625.42811	34526.5019
Estonia	EST	8003.749939	8479.36004	8776.274324	9706.928198	10548.51403	11805.4692	13237.35675	14664.40247	16560.50223	19299.07841	21836.41229	22508.92841	20206.18071	21113.11961	23954.86597	25921.0286	27169.28665	28139.93944	28094.80495
Ethiopia	ETH	473.6835829	448.8913701	465.6063997	490.7276557	528.0815436	528.859882	512.8753943	581.8370686	653.1160506	725.9606023	808.5189863	889.2679648	949.4938973	1053.796725	1165.216838	1256.682208	1376.964738	1505.238978	1625.613262
European Union	EUU	19516.02844	20381.37039	21148.17815	22557.05847	23751.01913	24660.69388	25289.70405	26497.15307	27735.98687	30047.92311	31836.02984	33150.63036	32362.78756	33249.3762	34555.74837	35158.86397	36128.66114	36897.73973	37676.47014
Fragile and conflict affected situations	FCS	2045.449384	2306.024484	2470.519803	2507.92002	2561.300068	2491.044254	2302.384843	2665.692998	2845.141277	3044.57962	3195.593813	3346.862618	3421.531366	3563.329926	3307.578312	3697.511061	3790.056076	3726.571595	3743.003904
Finland	FIN	21572.59781	23267.5124	24501.77991	26465.7522	27541.94102	28421.23989	28816.11926	31084.28922	32065.17072	34502.26656	37505.13094	39729.64854	37534.50193	38322.92674	40251.37351	40437.59387	40951.51324	40693.75124	40600.91892
Fiji	FJI	5041.844671	5114.724898	5606.685636	5603.92492	5824.782103	6092.40994	6268.84914	6768.279872	7005.299876	7304.77115	7370.011223	7515.86589	7392.165401	7630.988846	7486.761437	7688.777866	8173.419205	8824.608977	9158.987188
France	FRA	22220.0293	23321.09341	24249.71166	25972.1999	27427.59135	28503.56674	28093.4086	29028.18225	30375.56068	32267.01406	34034.38518	35141.83794	34797.47409	35891.29382	37325.30434	37462.32503	39157.67133	39163.1945	39677.99212
"Micronesia, Fed. Sts."	FSM	2169.601209	2263.602896	2339.295593	2510.505151	2618.918312	2679.749903	2787.440989	2777.808993	2939.534421	3039.720826	3073.794899	3071.641995	3140.10039	3269.641343	3410.284084	3491.347808	3415.223679	3342.691954	
Gabon	GAB	15631.09536	15942.22224	14381.17485	14090.04663	14381.52556	14241.02437	14525.7852	14699.89337	15418.57284	14976.12856	15884.175	15310.98903	15102.1649	16004.05452	17100.70052	17919.06448	18808.28602	19501.11764	20010.13975
United Kingdom	GBR	23829.2235	24573.70818	25263.97765	27440.99785	28821.50555	30085.64992	31181.32492	33082.40241	34623.20514	36885.96843	37503.22375	37775.87739	36361.88469	35879.79939	36590.15937	37569.31528	39111.23264	40217.16375	41324.55633
Georgia	GEO	2227.538901	2344.546744	2467.865217	2590.318568	2796.855796	3015.447723	3460.150847	3813.189314	4370.338613	4991.617909	5833.183782	6163.757923	6054.18918	6597.568557	7315.090898	8026.50713	8543.080411	9204.318673	9679.187611
Ghana	GHA	1622.291798	1678.718097	1739.193885	1801.414609	1869.605841	1934.169986	2022.458663	2138.098453	2277.11343	2433.306078	2539.986328	2754.883755	2837.014241	3021.484976	3430.857389	3726.643939	3968.056448	4096.584494	4200.547102
Guinea	GIN	818.6006554	840.863357	870.9270816	897.2866291	934.6752314	980.677489	994.4690338	1025.484863	1067.176894	1101.311518	1121.685385	1168.519104	1142.493636	1147.084986	1183.855846	1219.547152	1233.98142	1225.744058	1206.529509
"Gambia, The"	GMB	1108.775335	1127.792878	1183.693401	1239.85596	1301.171386	1238.551908	1307.373367	1392.266871	1378.258458	1391.004943	1432.975327	1495.875866	1553.394439	1621.4316	1532.494004	1599.179616	1648.427687	1636.453571	
Guinea-Bissau	GNB	1351.885477	961.581862	965.3972504	1019.007441	1042.697406	1026.335638	1030.710086	1065.417971	1122.331789	1158.335766	1200.964801	1236.286756	1258.319756	1299.726301	1416.311777	1382.504336	1382.288548	1405.989893	1452.845457
Equatorial Guinea	GNQ	5298.588225	6409.164324	7906.196436	9242.915347	14935.68549	17521.07739	19701.16837	27039.61151	31560.34268	33959.20665	37954.17928	41267.13367	38519.9874	36389.84806	36754.81047	38416.16352	35432.26912	34870.57987	30040.65107
Greece	GRC	17059.31941	17631.4848	18265.38848	19285.44215	20900.33121	22718.56838	23806.53402	25425.60073	25396.23397	28272.69422	29305.82232	31161.5304	30652.21209	28981.41834	26626.46005	25980.08652	26753.12651	26794.74875	26680.08546
Grenada	GRD	6130.093961	6590.46297	7355.20887	7649.96964	7648.712433	8013.328394	8922.936652	9083.555118	10589.96245	10445.51878	11347.02395	11640.41651	10914.85828	10951.88411	11221.36234	11252.55682	11657.90848	12470.38953	12966.94537
Guatemala	GTM	4348.637154	4505.504682	4637.178907	4796.211112	4899.196859	5042.345421	5146.756256	5326.040236	5544.964046	5885.934894	6280.308986	6468.71338	6410.637712	6532.757614	6798.842734	6981.506844	7206.660238	7476.092384	7706.738719
Guyana	GUY	3504.332015	3465.490687	3608.957282	3630.312326	3791.759291	3890.723888	3931.431099	4174.70205	4222.810265	4568.370074	5006.187118	5188.181989	5381.980363	5666.104562	6077.186038	6465.612628	6890.291231	7245.244693	7506.445072
High income	HIC	24151.06127	24938.10281	25975.12114	27592.54743	28548.09991	29435.17137	30413.3585	32104.42039	33783.68493	35980.15723	37767.04617	38643.42563	37642.93376	38977.50585	40449.43037	41607.34486	42765.33831	43795.86955	44695.99266
"Hong Kong SAR, China"	HKG	25399.20141	23963.60059	24703.12575	26962.69676	27528.18151	28288.2698	29792.93093	33016.92802	36437.58668	39940.92275	43281.02137	44800.23861	43935.69283	47134.56085	50085.95933	51274.06031	53464.92651	55346.55581	56719.49847
Honduras	HND	2622.949312	2669.215947	2602.822647	2757.106279	2838.432976	2931.453008	3065.806785	3283.477157	3527.934934	3804.977338	4074.296097	4255.012759	4113.030501	4249.093103	4433.71931	4632.095108	4769.396987	4926.616329	5084.470463
Heavily indebted poor countries (HIPC)	HPC	1054.607814	1073.418148	1094.745172	1121.900376	1164.621015	1189.693028	1233.516891	1297.502844	1384.357987	1475.221323	1573.264408	1656.351073	1698.305992	1770.354348	1847.401439	1936.196517	2025.436982	2115.675575	2180.720539
Croatia	HRV	9712.827873	10207.83838	10102.16579	11054.42108	11793.20023	12740.11212	13644.6132	14643.25253	15535.44071	17009.21993	18921.62474	20464.41821	19393.11141	18981.99564	20571.27528	21016.01873	21441.87095	21635.10503	21880.48421
Haiti	HTI		1326.831306	1359.443107	1378.790371	1372.49201	1367.549781	1377.75884	1344.571735	1390.705746	1442.973527	1507.278187	1526.153627	1561.374256	1471.648649	1562.304129	1614.085821	1686.731694	1738.914123	1762.17364
Hungary	HUN	10047.579	10770.70398	11237.67654	12085.37602	13646.53812	14918.39832	15641.31287	16461.94876	17314.47611	18652.60671	19337.16657	20810.7852	20860.55716	21576.70695	22603.20272	22701.45022	24037.17045	25060.50529	25581.50351
IBRD only	IBD	3840.045618	3950.676884	4116.722967	4404.035979	4617.379727	4839.649119	5172.788662	5675.139951	6249.803813	6992.959225	7746.505228	8369.987854	8639.621154	9344.157563	10113.58651	10721.44351	11242.84877	11870.66448	12341.46964
IDA & IBRD total	IBT	3317.671977	3406.918677	3539.422236	3771.528708	3944.756312	4120.32747	4390.277626	4813.675607	5277.539769	5872.187599	6471.337038	6959.419147	7170.353938	7715.417578	8306.435796	8775.204362	9182.116432	9669.79931	10028.56705
IDA total	IDA	1553.332193	1588.913799	1627.780796	1697.537387	1763.265498	1812.500814	1907.520374	2113.49306	2262.640155	2432.950431	2600.574374	2725.017738	2812.734848	2941.729391	3073.392726	3208.726218	3363.187125	3534.134792	3661.599239
IDA blend	IDB	2257.700269	2309.746531	2361.084457	2479.118621	2565.339858	2649.847179	2813.869757	3232.108668	3461.867155	3739.432268	3991.684584	4169.966325	4316.977728	4516.443521	4742.564812	4964.536537	5199.076365	5475.862056	5672.468679
Indonesia	IDN	4976.45619	4308.541085	4347.999318	4601.849359	4812.061278	5037.167516	5311.400764	5655.993914	6088.879231	6534.27416	7040.66979	7511.417369	7815.70713	8294.05435	8870.284189	9453.698228	10011.34642	10553.18735	11035.09244
IDA only	IDX	1125.664371	1153.318571	1187.275369	1229.492851	1286.674922	1317.494794	1373.919117	1452.973779	1558.354499	1668.686783	1790.603404	1887.585306	1943.592251	2034.420308	2113.568357	2202.270576	2314.772114	2428.538666	2520.908978
India	IND	1674.869744	1764.878225	1915.390649	1998.488658	2105.841013	2182.244557	2361.334849	2576.537621	2860.885701	3172.707329	3484.756463	3637.756094	3920.160542	4315.440046	4634.945162	4921.842308	5267.826611	5672.189444	6088.64983
Ireland	IRL	22091.62548	24503.55244	26530.67953	29612.17021	31773.72281	34440.58422	36023.46831	38144.6756	40446.92367	43963.95594	46735.75107	43902.12233	41866.49933	43249.55945	45673.5345	46063.34459	47599.6817	49376.84343	54654.39746
"Iran, Islamic Rep."	IRN	8603.933181	8712.140303	8860.448528	9435.981839	9739.503969	10548.37795	11547.40372	12236.62544	13011.73786	14016.40034	15526.55584	15798.96459	16100.89151	17163.07927	17949.24442	16853.78282	16584.31251	17365.77894	
Iraq	IRQ	6261.992841	8274.354902	9581.242071	9647.867025	9810.552687	9019.144263	5989.182462	9237.933315	9697.903736	10733.44505	10893.2098	11715.84706	11875.01418	12417.76967	13203.0478	14813.56491	15503.62904	14914.65466	14894.81115
Iceland	ISL	26644.46314	28362.78062	29218.77568	29600.33339	31263.13248	31976.22747	31726.86404	34949.10237	35881.01506	36728.6331	38704.23513	41366.67099	39912.27121	38615.33919	39557.93565	40278.38704	42714.60426	43993.29286	46546.97713
Israel	ISR	21373.81258	22015.16782	22604.38227	24923.88603	24958.17852	25218.39625	23794.50309	25248.86271	24885.21849	25766.9761	27581.40696	27516.22992	27558.18795	28900.91974	30574.25236	31993.62384	33382.11127	33703.42504	35431.60897
Italy	ITA	23434.2773	24660.12295	25158.419	26640.21701	28246.79832	27898.47061	28462.03713	28770.96727	29652.75637	31953.46035	33711.95279	35170.89646	34142.3385	34714.52686	35870.71377	35899.77997	35707.83111	35419.39531	35896.46144
Jamaica	JAM	6304.288725	6168.647111	6285.619237	6447.320491	6641.47013	6852.607695	7219.435994	7489.179444	7771.348676	8212.997428	8521.989608	8595.876228	8248.702011	8196.27943	8481.245974	8560.087132	8725.173363	8910.175324	9062.516068
Jordan	JOR	5523.510749	5656.067113	5849.663243	6136.91822	6494.909685	6851.293727	7129.321426	7754.094946	8395.072853	9019.720151	9618.181469	10077.61523	10271.31861	10229.91751	10324.44669	10432.1751	10569.17544	10774.86823	10880.32008
Japan	JPN	24626.41689	24328.82033	24606.92071	25938.19789	26559.53156	27241.10303	27941.17634	29377.34366	30441.34808	31790.65526	33313.86533	33495.17807	31857.37223	33760.97681	34335.30402	35735.61672	36618.30632	36577.21061	37321.60199
Kazakhstan	KAZ	6871.824239	6933.063834	7298.407372	8220.673645	9559.340336	10656.84509	11840.2999	13241.46074	14860.58945	16777.68761	18543.81926	19295.00553	19162.93571	20521.09849	22134.09211	23248.99259	24640.55805	25689.22066	25876.50868
Kenya	KEN	1651.440248	1682.157691	1704.797461	1710.876774	1770.558985	1761.750776	1802.214527	1896.195018	2019.359786	2158.893935	2306.86625	2296.312423	2327.843369	2487.224552	2622.730169	2718.986459	2843.773361	2965.155487	3082.517991
Kyrgyz Republic	KGZ	1464.048394	1488.331305	1543.245479	1644.311973	1754.55434	1764.905162	1906.55626	2071.417491	2110.377936	2218.727934	2448.899199	2681.122187	2746.102655	2733.729337	2920.60321	2922.702873	3229.828815	3347.16262	3426.645611
Cambodia	KHM	871.214874	900.7307851	998.8246051	1086.552577	1176.442768	1250.965446	1360.912011	1518.086216	1746.878825	1964.211764	2189.504168	2346.803965	2331.425309	2462.45279	2648.650018	2846.657445	3058.668487	3274.560732	3483.326713
Kiribati	KIR	1155.712035	1274.83025	1274.198654	1402.786616	1420.409966	1425.883255	1486.565004	1547.129531	1563.328575	1507.245213	1628.200741	1669.004085	1635.130871	1613.41845	1659.293952	1705.439184	1753.129165	1815.641712	1858.645369
St. Kitts and Nevis	KNA	13868.34435	13766.57127	14274.96241	15128.53376	16007.39445	16298.39594	15946.24064	16876.2792	18755.16948	20190.08607	21041.22294	22065.15207	20734.82683	20064.42589	20571.97012	20442.6292	21721.46902	23326.14339	24369.38011
"Korea, Rep."	KOR	15481.59918	14696.30532	16428.84666	18083.08126	19189.56937	20784.9456	21389.24607	22967.81286	24219.78886	25863.21949	27872.08837	28718.04484	28392.75636	30465.24505	31327.1269	32222.59394	32664.03097	33417.31605	34549.16023
Kosovo	KSV				3674.105693	4768.233435	4804.231165	5189.535085	5467.806966	5980.178577	6389.937567	6981.655189	7248.427687	7487.155599	7766.781541	8222.594135	8541.313667	8915.402574	9199.323602	9711.961847
Kuwait	KWT	60242.10005	60267.03206	57276.44483	58904.02452	58839.07136	59961.95117	69909.19638	76978.40709	83703.23667	87875.56333	90003.76351	88250.00289	77582.1493	72204.3813	76308.59071	78492.39685	76779.28856	73513.29039	71311.99355
Latin America & Caribbean (excluding high income)	LAC	7639.354842	7732.473542	7812.947551	8207.602916	8359.857734	8484.46042	8636.914328	9270.93785	9916.437505	10696.50739	11454.0806	12068.04438	11946.92235	12604.50293	13373.51596	13869.7566	14272.74283	14766.39024	14619.52977
Lao PDR	LAO	1582.512635	1632.110895	1747.329764	1860.048897	1981.509346	2100.940035	2241.60776	2415.095051	2629.958674	2897.091447	3145.830044	3397.996027	3616.215917	3904.357151	4233.381248	4580.947397	4967.932945	5340.305699	5675.492696
Lebanon	LBN	9323.719113	9696.799824	9668.010886	9777.094236	10010.07227	10020.6127	10042.12896	10625.45705	10914.54221	11232.46429	12528.16754	13854.83749	15131.64988	15948.45492	15683.58332	15221.44686	14537.89914	14172.66533	13937.94587
Liberia	LBR		461.0350644	531.6851246	663.0650547	673.1113023	692.5550687	484.9723443	501.664453	530.9610917	571.1992315	617.2337093	646.6985008	659.4439242	683.7921258	732.6330069	784.5123573	845.7973936	845.4642055	836.1510014
Libya	LBY			16730.8571	17435.83155	17224.98889	17039.09332	19322.86512	20397.96471	23154.43219	24962.8054	26753.94741	27525.07035	27135.35654	28583.466	11023.43714	22975.87562	20241.97198	15654.09887	14154.25826
St. Lucia	LCA	6919.580928	7338.358468	7527.686283	7943.225082	7777.637467	7823.298831	8280.926235	9112.159747	9221.608838	10148.48959	10329.8995	10664.83104	10546.44733	10361.81053	10538.22528	10524.35104	10627.59683	10772.25984	10990.72067
Latin America & Caribbean	LCN	8113.815955	8252.130683	8301.774956	8690.902088	8831.057809	8869.403919	9103.700822	9792.032123	10510.27165	11398.00374	12215.50403	12803.91374	12681.02937	13441.9121	14307.82271	14807.49142	15228.01803	15713.91138	15581.225
Least developed countries: UN classification	LDC	1051.322581	1079.699195	1115.205598	1160.433399	1221.148595	1249.2342	1308.250992	1394.703526	1514.503635	1639.897873	1786.149991	1903.497413	1961.038944	2045.56318	2115.630344	2197.231311	2303.28259	2414.903655	2495.238626
Low income	LIC	804.6461359	814.8597286	833.5294401	849.4417031	885.8380611	894.6789889	917.7267024	968.3763728	1034.202728	1094.62304	1167.561854	1222.938093	1268.493985	1333.762412	1404.008395	1452.50776	1522.316656	1596.966533	1644.772172
Sri Lanka	LKA	3705.825002	3900.335345	4106.477766	4422.564855	4419.803392	4630.59243	4965.727538	5339.798958	5811.505852	6400.816758	6964.986319	7467.591882	7732.055918	8390.407432	9213.775473	10164.35635	10600.37581	11195.69428	11738.87635
Lower middle income	LMC	2336.264867	2339.024258	2446.385661	2566.424042	2690.034839	2787.916699	2972.240918	3245.002985	3519.929137	3836.797009	4159.426701	4370.591735	4560.873195	4884.369466	5174.346179	5457.323614	5770.791034	6106.343667	6423.28187
Low & middle income	LMY	3178.420725	3260.539552	3396.210767	3624.735856	3800.526099	3982.619729	4244.478393	4655.983789	5109.970482	5686.656708	6268.457031	6752.007293	6962.482991	7487.09268	8057.400055	8522.150514	8924.931842	9413.887836	9768.708563
Lesotho	LSO	1179.938494	1200.263432	1211.559553	1291.177468	1365.22662	1383.217604	1466.644783	1530.816322	1611.175311	1719.262053	1834.091316	1960.708276	2023.247222	2187.39603	2297.389548	2427.432836	2545.224177	2647.954122	
Late-demographic dividend	LTE	4037.034092	4143.940312	4353.358547	4733.386554	5057.494071	5421.26424	5901.307216	6507.427506	7219.384897	8218.339507	9240.337336	10168.5348	10563.06626	11490.64366	12618.2331	13506.22762	14241.53843	15114.00839	15745.08443
Lithuania	LTU	7302.576838	7990.738041	8016.937643	8695.483487	9664.315786	10732.61237	12315.63479	13251.46264	14681.89	16728.94615	19277.17173	20796.76326	18277.91534	20085.04478	22541.72557	24475.05075	26511.21901	27685.92177	27729.75102
Luxembourg	LUX	43029.36201	45567.25804	51751.80606	56593.36207	56234.10486	59409.44811	60926.98722	65447.54767	67081.07838	77300.96565	82846.16185	85015.60509	80306.08113	84589.83987	91073.32208	90788.28658	95928.59904	98459.52004	101926.4236
Latvia	LVA	6831.54993	7502.020331	7659.725641	8163.964976	9029.867738	10227.98666	11342.47113	12511.35556	14119.11688	16604.79701	19021.78305	19874.62554	17032.94267	17409.90597	19451.03228	21122.29821	22559.08445	23547.9794	24286.14896
"Macao SAR, China"	MAC	29984.13823	28447.27113	27749.6014	29550.14902	34407.77326	37539.92824	42126.84235	53929.953	58922.09749	67157.30792	76777.76402	78666.56591	78134.58288	96619.8444	117340.9708	127938.9187	141968.1003	140630.0795	111270.0752
Morocco	MAR	3169.324623	3391.452926	3438.378293	3542.766114	3846.516371	3985.802655	4264.271943	4545.539605	4796.499521	5262.52	5533.290467	5909.277886	6133.763743	6365.189662	6746.899456	6979.899079	7323.950688	7518.058667	7821.396498
Moldova	MDA	1899.149726	1795.70126	1763.960688	1845.735739	2007.438068	2202.332871	2401.253338	2656.673991	2954.646021	3200.438226	3394.270412	3736.68859	3544.025744	3845.635588	4179.214809	4226.959189	4700.795047	5010.411571	5038.502049
Madagascar	MDG	1052.90098	1071.701392	1103.537993	1146.177794	1205.262299	1036.723372	1126.581534	1182.875723	1240.334971	1304.444605	1382.710545	1468.210299	1380.565922	1362.298772	1371.648575	1399.514325	1414.496628	1441.971271	1459.268795
Maldives	MDV					5652.745271	5966.446293	6788.425933	7754.51464	7110.25292	8523.747418	9250.395741	10227.66858	9791.465002	10301.70575	11126.94559	11373.46296	11855.75046	12575.45396	12636.52353
Middle East & North Africa	MEA	9145.861568	9509.621663	9770.953766	10323.90663	10583.93514	10825.52004	11262.59146	12302.13901	13100.79343	14075.87305	15025.74344	15734.91653	15828.65767	16490.86614	17024.70573	17665.24933	17969.07495	18351.17877	18778.44965
Mexico	MEX	8926.818417	9265.635751	9710.504262	10318.53201	10301.61803	10348.61558	10588.34485	11198.54701	12070.89609	13144.18287	13717.46046	14272.19494	13934.15865	14603.16786	15754.19717	16289.56528	16248.80116	17356.92264	17276.64363
Marshall Islands	MHL	2280.889814	2230.357554	2203.669977	2382.690761	2566.563246	2675.31179	2735.712088	2811.590872	2982.787608	3132.239281	3332.168559	3327.903832	3267.716949	3436.516199	3505.269694	3661.799429	3799.773935	3816.579701	
Middle income	MIC	3391.644847	3482.831588	3631.99684	3883.058792	4075.763037	4278.23323	4567.553634	5019.343745	5517.60464	6152.575104	6793.803751	7330.109287	7567.232827	8150.848804	8786.421834	9309.070005	9762.189845	10312.04537	10716.80107
"Macedonia, FYR"	MKD	5092.373504	5313.69394	5561.161433	6242.895353	6286.59493	6378.553583	6684.173135	7216.052274	8210.591439	9155.141107	9671.618054	10791.18159	11305.33574	11678.40796	11641.23022	11891.64398	12811.66057	13517.29	13907.93851
Mali	MLI	737.9973297	781.2229666	815.6169557	810.2455236	922.7148849	981.2502162	1096.234254	1024.367122	1130.128592	1268.414788	1364.238151	1474.05381	1606.496276	1746.671245	1862.940401	2048.073917	2163.055483	2301.321664	2428.289964
Malta	MLT	15550.73925	16261.07937	17029.0863	19045.81885	18264.79865	19328.83775	19723.76295	19942.94507	21018.74824	22277.59119	23618.5571	25462.01396	25828.66239	26689.94099	28177.57367	28355.70551	29525.70619		
Myanmar	MMR																			
Middle East & North Africa (excluding high income)	MNA	6120.191222	6472.657424	6777.793352	7104.514751	7345.455071	7588.497004	7792.406772	8501.273022	9049.031074	9697.027604	10401.95356	10825.36826	11049.5398	11576.44659	11577.74993	11880.14868	11984.54946	12173.08357	
Montenegro	MNE				6614.685954	6812.382129	7020.192931	7309.94785	7827.54914	8405.736845	10522.58229	12483.18626	13919.91698	13127.68684	13439.59768	14215.55918	13812.69594	14623.74484	15054.75501	15485.80609
Mongolia	MNG	3349.008646	3468.876894	3598.663343	3689.700412	3849.422652	4053.677655	4378.350592	4921.782863	5384.32093	5949.15142	6644.318275	7274.126952	7128.216004	7552.646083	8889.345538	9990.038049	11134.04379	11996.5885	12188.59458
Northern Mariana Islands	MNP																			
Mozambique	MOZ	370.298009	407.9615172	435.1325441	440.3525845	493.4222085	529.3821578	558.3079979	600.5492643	654.6779387	720.4239655	772.4257715	818.4804732	852.8593034	895.4996639	951.8253639	1010.221252	1069.495168	1135.732688	1185.816012
Mauritania	MRT	2062.144022	2079.247916	2206.120506	2178.985893	2204.245271	2184.104606	2289.393079	2414.338631	2638.741454	3145.575979	3233.9714	3248.813181	3158.549257	3266.294626	3403.534526	3575.986354	3760.419674	3885.693365	
Mauritius	MUS	7464.025172	7919.354536	8146.246993	8994.853322	9362.341478	9639.801805	10118.08164	10924.92206	11349.03401	12102.91121	13097.10858	14039.11362	14538.37624	15282.92456	16179.29153	16961.11095	17748.17068	18659.6601	19480.47071
Malawi	MWI	666.7136489	680.1081732	690.6672666	697.600804	660.3855017	664.7474763	698.8007741	737.5883978	765.2237114	802.8457436	877.5051002	934.9315315	990.2613624	1039.289519	1078.855647	1085.679	1125.643813	1172.760183	1182.622571
Malaysia	MYS	12233.00812	11173.91226	11757.01924	12797.95133	12882.23153	13513.3968	14306.62368	15410.5269	16453.10158	17587.35498	18856.97623	19809.92335	19328.75823	20675.01874	21866.34075	23124.66048	24238.99939	25732.26523	26891.44323
North America	NAC	30928.98142	32273.59151	33935.25788	35736.71895	36568.27492	37448.10698	38941.14592	41118.3681	43503.57537	45604.10955	47212.5242	47602.871	46187.76388	47553.06611	48967.5238	50508.18656	51822.57387	53458.68806	54680.34809
Namibia	NAM	4507.708429	4571.850609	4675.756895	4843.200505	4926.136338	5169.677046	5433.093625	6197.91768	6480.580238	7058.513564	7617.350335	7849.99947	7797.928202	8212.329315	8625.717922	9021.895763	9460.588245	9985.283393	10413.97647
Niger	NER	593.0051071	638.2062358	621.1404083	603.8282498	637.7278176	642.9859659	665.7174887	659.9820675	686.036867	720.859443	735.3715889	791.3179015	761.9909234	804.0510285	807.1930209	883.2513773	907.7233886	948.6713168	953.541841
Nigeria	NGA	2124.145911	2151.04799	2140.016553	2247.88503	2340.745918	2404.958884	2638.800223	3534.047139	3676.7075	3994.771889	4266.961628	4502.205379	4723.091456	5019.186061	5230.598854	5407.323956	5638.549164	5932.831332	5991.69054
Nicaragua	NIC	2384.550062	2457.293862	2627.258776	2754.333031	2858.455737	2884.081324	2975.956176	3178.479409	3376.96543	3578.083708	3817.186363	3951.24718	3822.164429	3942.82262	4223.427239	4488.17451	4713.088688	4952.343436	5189.732999
Netherlands	NLD	25652.89957	27331.30896	28924.93859	31528.09845	32804.06619	33950.39553	33739.81975	35401.92947	37306.30497	40815.45115	43659.16585	46140.34644	44386.51362	44773.87287	46388.29359	46448.8848	47954.50404	48253.33414	48458.94049
Norway	NOR	28473.99814	27937.93281	30407.96537	36789.51427	37789.07151	37732.9446	38996.19632	43182.21016	48356.51304	54689.70119	56857.08588	62431.58187	56167.39604	58812.94306	62736.68047	65399.83608	66817.17387	65702.19615	61471.57372
Nepal	NPL	1078.980654	1100.43409	1144.131152	1220.46425	1286.472736	1287.734432	1345.907258	1428.757638	1507.568314	1588.265153	1668.740402	1787.40582	1863.683463	1956.465866	2042.140687	2153.736493	2251.831963	2382.889212	2458.132729
New Zealand	NZL	19132.49118	19320.56254	20579.00242	21512.74927	22500.32495	23306.45195	23957.915	25083.8	25677.26149	27735.89333	29376.17527	29860.21278	30714.04911	31270.05821	32734.38316	33065.51124	37096.09987	37711.52041	36982.29857
OECD members	OED	21879.70685	22721.61301	23641.99623	25104.58077	25904.28383	26658.84128	27437.56505	28912.51561	30411.62811	32393.42715	33944.38487	34723.17331	33784.20251	34951.81404	36235.9978	37191.38394	38134.22964	39033.28683	39765.01299
Oman	OMN	31277.74285	32491.62227	32939.40047	35287.85725	37159.86152	36501.43315	35295.65305	35787.69386	36972.72365	39424.79603	41618.14063	44900.79057	46098.88797	45884.95858	42479.20132	41944.99918	40195.51762	38771.8381	38234.05359
Other small states	OSS				10512.99556	11031.28148	11556.70369	12075.30908	13343.76353	14241.44008	15957.5754	17620.26753	19025.83522	19249.48481	20816.48202	22386.19954	23188.95772	23921.24314	24626.34522	24938.17979
Pakistan	PAK	2559.982362	2590.075423	2662.543374	2775.632634	2833.043366	2907.758182	3046.543167	3293.506342	3586.417778	3845.526136	4054.641798	4118.690108	4179.734024	4209.69803	4322.534383	4460.923073	4632.392815	4828.942438	5041.715264
Panama	PAN	7195.467673	7650.277769	7911.796378	8150.858395	8226.57651	8381.981999	8747.939788	9492.393538	10316.7156	11337.93565	13188.96801	14354.09951	14443.60317	15202.21744	17058.59645	18663.16818	19894.76534	21102.67535	22192.05357
Peru	PER	4939.692538	4900.252822	4978.190998	5157.311987	5237.406271	5536.131518	5808.271003	6186.84768	6704.38792	7340.361723	8078.554259	8880.515727	8929.756016	9678.495225	10379.20984	11051.25377	11730.70283	12046.98792	12402.42271
Philippines	PHL	3182.757832	3129.606237	3205.48391	3350.700952	3452.161429	3557.433998	3731.717535	4012.576024	4261.722997	4546.350973	4899.392332	5126.222731	5147.801513	5524.15441	5754.112442	6153.070449	6587.916697	6994.432008	7358.824146
Palau	PLW	11434.01561	11534.05117	10870.4568	10802.46843	11389.04246	12219.35817	11597.76027	12676.92342	13181.43646	13144.5549	13416.13498	12845.3008	11700.53932	12157.3001	12947.90758	13510.03458	13291.36817	13965.90778	15286.04269
Papua New Guinea	PNG	1587.082549	1503.736501	1514.921817	1472.173297	1466.036245	1449.254175	1473.066392	1516.942886	1624.923129	1672.269239	1795.976583	1906.657151	1992.353002	2122.70745	2345.065877	2525.962109	2652.207297	2865.178988	
Poland	POL	8798.497642	9388.612868	9920.359495	10607.89924	10967.2926	11592.28033	12045.03753	13049.51875	13806.82848	15143.60729	16890.32647	18046.15159	19139.50329	20883.06044	22520.0128	23598.55928	24493.75528	25262.27219	26135.32283
Pre-demographic dividend	PRE	1594.38256	1710.900272	1784.51128	1829.843475	1896.91191	1886.144172	1846.943095	2243.866139	2375.17564	2575.681055	2743.671877	2898.582431	2978.425445	3114.564146	3232.273252	3376.442674	3518.477879	3619.59542	3663.384132
Puerto Rico	PRI	22480.17061	24118.00933	24868.2537	25747.50944	28866.16895	29790.59698	30727.86275	32122.19033	33392.4209	34256.91035	34198.68848	34443.78037	34071.24489	33756.80686	34195.60367	34272.20442	35028.86674		
"Korea, Dem. People¡¯s Rep."	PRK																			
Portugal	PRT	15047.43995	15804.47131	16806.08157	17847.37308	18588.96494	19331.7294	19823.81783	20297.60399	22072.65075	23872.20178	25221.573	26095.78141	26208.85177	26943.02092	26932.40813	27125.15443	27929.94681	28759.98446	29214.31586
Paraguay	PRY	5073.927266	5022.597514	4925.629615	4822.976061	4797.718424	4780.154483	4996.040368	5251.988258	5448.981171	5799.017847	6188.423416	6621.203833	6322.524743	7142.057039	7504.677492	7447.174726	8515.439486	8943.914457	9184.489411
Pacific island small states	PSS	3470.543131	3527.805445	3736.675103	3740.407033	3840.581963	3951.935908	4058.839287	4311.629974	4474.926696	4653.874071	4754.434491	4860.036893	4747.421479	4883.025379	4930.507637	5048.467346	5232.228996	5506.052688	5681.376537
Post-demographic dividend	PST	23360.28509	24130.94885	25185.47022	26754.63572	27756.50729	28657.76037	29600.79091	31216.98826	32851.00574	34969.19079	36692.818	37542.6184	36493.64356	37715.99122	39017.61635	40065.64942	41187.8902	42114.92525	42917.14434
French Polynesia	PYF																			
Qatar	QAT				86725.54203	89116.28958	93823.40513	94236.60383	105356.4511	102253.0499	112591.9241	114340.4684	116435.5226	114656.7792	125088.006	134117.4309	135421.724	138067.097	141442.2155	143788.242
Romania	ROU	5584.155603	5316.810386	5429.226142	5726.307872	6509.410003	7090.24532	7799.314617	8911.807882	9575.006808	11420.0245	13241.9749	15989.64005	15815.27855	16579.84936	17624.5779	18910.27827	19572.63406	20372.07018	21403.08115
Russian Federation	RUS	5697.327822	5460.354978	5914.300411	6825.411391	7367.609061	8029.122652	9253.577429	10231.42645	11822.3709	14916.18526	16648.59349	20163.61168	19386.59368	20497.95231	24074.36458	25316.63579	24165.32683	25094.7271	24451.37495
Rwanda	RWA	586.83326	596.171408	605.0001059	633.7507518	678.4020688	762.6580987	775.7606251	838.7034648	907.1073812	996.6718639	1072.052347	1181.54477	1230.524243	1301.696952	1397.224691	1510.67811	1569.395831	1667.332645	1758.733213
South Asia	SAS	1717.989504	1797.356059	1927.88695	2014.578006	2109.683316	2182.265863	2344.619895	2547.689576	2814.008969	3100.514212	3384.912833	3529.942117	3768.170702	4093.788687	4376.239375	4641.064422	4942.41639	5293.756848	5654.378931
Saudi Arabia	SAU	26926.71553	27311.37864	26829.62029	28013.20959	28002.60433	27639.68947	29453.78144	32105.37336	34552.3445	36601.90395	38814.51442	41853.09966	41897.8915	43351.76769	47474.04338	49729.51749	50678.23953	52200.2268	53430.04533
Sudan	SDN	1603.987846	1644.241771	1673.593193	1769.652859	1873.735559	1968.097677	2101.944562	2180.530388	2351.119436	2591.937508	2883.714026	3080.764727	3116.2031	3175.273943	3478.252239	3873.597398	3981.901907	4084.213616	4173.215898
Senegal	SEN	1345.127227	1405.610031	1481.470445	1524.945574	1589.634168	1582.170105	1675.781942	1774.129398	1882.345852	1934.80735	2028.538474	2086.197658	2092.756129	2142.948291	2159.022888	2225.296028	2267.825681	2330.459641	2430.798929
Singapore	SGP	36624.77003	34989.32959	37390.08745	40928.33705	40358.97452	42316.45801	45744.13538	50849.67523	55105.96589	59926.48344	64387.80508	63361.32069	61572.02253	70561.0834	74910.18253	77173.2383	80779.5514	83689.42436	85208.81074
Solomon Islands	SLB	1633.417899	1634.849154	1607.280038	1371.662572	1256.852442	1208.018933	1278.507124	1343.430957	1426.119018	1534.731167	1651.874965	1763.154933	1655.210388	1752.11988	1976.4069	2062.454263	2114.881684	2138.223019	2186.288932
Sierra Leone	SLE	769.7320658	784.8270483	767.1555779	813.7488363	743.6569783	909.8781023	965.8310146	1007.772671	1042.29302	1096.502638	1183.026202	1241.265567	1279.789656	1334.506125	1414.860083	1620.89897	1941.223964	2019.003748	1590.602119
El Salvador	SLV	4518.001239	4702.078706	4904.848181	5092.548588	5267.792374	5446.314438	5657.03907	5896.016066	6279.113261	6702.272962	7122.336318	7332.798993	7136.595021	7301.806597	7596.509131	7859.86073	8112.284347	8338.330344	8602.066493
Serbia	SRB	5616.249652	5837.278835	5225.608694	5777.642372	6215.021359	6765.697997	7220.645046	8109.27006	8860.521508	9889.713911	10452.58188	11892.78712	11802.35253	11813.4578	12571.8955	13000.07329	13668.11716	13698.56643	13481.93656
Sub-Saharan Africa (excluding high income)	SSA	1804.540404	1821.888637	1842.272405	1900.775768	1970.297508	2007.659699	2095.758312	2351.809106	2493.557853	2678.852444	2865.556811	2998.143084	3036.489944	3164.636367	3283.863857	3376.325286	3506.089339	3639.264225	3692.655256
South Sudan	SSD												3591.90892	3637.873769	3717.215638	3461.751039	1819.434959	2005.453627	2026.252307	1850.031823
Sub-Saharan Africa	SSF	1805.956302	1823.414992	1843.810019	1902.328839	1971.799292	2009.157619	2097.139627	2353.120626	2495.010468	2680.455699	2867.342849	2999.853641	3038.142103	3166.360693	3285.740063	3378.322469	3508.190614	3641.41007	3694.843523
Small states	SST				9684.544879	10142.38845	10634.502	11196.26517	12288.20656	13110.14618	14629.82987	16014.78968	17156.46955	17237.94012	18446.89099	19711.83145	20407.9819	21059.245	21693.84619	22010.65381
Sao Tome and Principe	STP					1704.73003	1733.871991	1842.559926	1921.468706	2076.636151	2284.270557	2368.718194	2556.498155	2621.650233	2712.781694	2839.895903	2959.889691	3067.010902	3187.859942	
Suriname	SUR	7516.899441	7593.307851	7537.450123	7621.723237	8092.123255	8533.324408	9200.65497	10293.40751	11049.55551	11732.3214	12533.85276	13159.39724	13502.62589	14216.54879	15119.74355	15718.13299	16276.30618	16698.36521	16969.54529
Slovak Republic	SVK	9955.383698	10507.44663	10568.6007	11158.46027	12236.65053	13136.80796	13906.22148	14988.61336	16525.50041	18810.72039	21439.30671	23844.9745	23172.34658	24515.69235	25167.45381	26091.27983	27414.21303	28326.52993	28877.34663
Slovenia	SVN	15063.44646	15948.84809	16997.60107	17877.60796	18796.73034	20127.96596	20945.64139	22689.43806	23887.77928	25869.21157	27677.80216	29598.13922	27506.33141	27607.72304	28513.47483	28481.75131	29097.57595	30402.6773	31122.42289
Sweden	SWE	24504.61163	25550.25697	27184.58541	29376.69291	29818.59459	30790.50518	32064.76331	34259.80933	34332.32594	37571.1263	40560.8943	41880.84077	39657.24129	41755.98017	43709.21145	44433.72669	45067.43719	45297.76552	46420.41889
Swaziland	SWZ	5086.857743	5163.469456	5296.997536	5432.226592	5562.568954	5708.870932	5921.657895	6222.303889	6521.94179	6860.098418	7182.479001	7374.398196	7396.507957	7487.509503	7620.196604	7870.644742	8110.087554	8322.385105	8426.529663
Seychelles	SYC	13042.45707	14015.11587	14214.01993	14626.46037	14607.23869	14563.34955	14131.2405	14157.22404	15851.88428	17516.54847	19755.66719	19274.84812	19131.33174	19953.1605	22556.58257	24251.52397	25673.61789	26518.46038	27273.47267
Chad	TCD	792.9518858	827.8913118	805.4920752	787.153221	865.7177219	917.7863182	1033.54866	1366.931959	1596.68959	1599.891275	1640.202587	1667.697393	1694.821571	1884.795827	1862.351166	1997.410939	2075.44088	2181.852455	2171.400812
East Asia & Pacific (IDA & IBRD countries)	TEA	2844.974848	2866.794118	3046.226794	3308.663013	3567.509452	3862.790893	4236.774123	4691.410371	5252.898231	5929.931163	6753.277004	7396.342042	7937.589851	8744.168251	9591.975946	10413.27769	11245.75317	12097.88252	12905.29802
Europe & Central Asia (IDA & IBRD countries)	TEC	5266.376859	5624.360727	5816.643728	6485.045149	6829.03537	7288.275118	7977.460191	8906.676174	9969.595773	11771.89239	13093.11495	14910.92982	14554.60743	15506.03038	17347.65867	18159.25022	18174.68472	18849.4265	18773.1106
Togo	TGO	1070.603905	1030.273089	1044.263236	1032.035726	1011.10993	990.2252184	1031.753887	1053.611318	1070.826742	1117.607504	1142.10215	1158.45847	1175.823679	1204.604894	1255.087825	1304.187972	1341.614534	1406.764974	1459.796727
Thailand	THA	7151.765069	6600.537112	6926.20699	7314.542194	7650.813673	8153.163182	8819.994762	9545.997831	10194.17569	10977.61174	11850.21509	12272.7398	12257.13618	13309.4192	13654.27246	14853.32968	15437.31723	15755.06346	16305.45456
Tajikistan	TJK	788.83628	829.111232	861.2259541	939.7408332	1041.638855	1150.615837	1277.456611	1418.731408	1530.575696	1653.075399	1790.92569	1928.200965	1972.915229	2080.044388	2229.445742	2386.327474	2546.586587	2700.584241	2779.876143
Turkmenistan	TKM	3187.358553	3404.150482	3977.536577	4240.974059	4475.982721	4508.433493	4699.745806	5017.71966	5791.712128	6550.184923	7381.120936	8528.11332	9004.579189	9828.662204	11360.50215	12689.34383	14029.49479	15529.86446	16498.89295
Latin America & the Caribbean (IDA & IBRD countries)	TLA	7985.860043	8114.876372	8147.741487	8527.198576	8639.34498	8668.229412	8892.85106	9573.48672	10270.02661	11137.30236	11949.59124	12535.43773	12409.18963	13181.7003	14059.52142	14557.02723	14970.9484	15443.84827	15307.68943
Middle East & North Africa (IDA & IBRD countries)	TMN	6158.307341	6507.796381	6810.386012	7145.099015	7391.505158	7638.463136	7842.014126	8555.927035	9105.522804	9763.31195	10477.62533	10911.02359	11131.19514	11664.9591	11663.90995	11963.88885	12074.04549	12267.45235	
Timor-Leste	TLS				1119.794896	1304.039134	1196.016892	1147.239337	1143.913856	1233.168557	1178.148409	1325.158607	1516.904332	1697.342272	1847.226269	1965.522007	2075.984742	2110.844029	2203.692832	2259.06194
Tonga	TON	3199.477118	3308.046075	3472.529279	3652.478548	3849.192807	4018.483327	4161.738951	4282.198605	4461.563064	4520.067137	4399.552523	4567.116508	4625.408634	4852.021362	5030.652213	5132.805233	5059.039416	5230.151294	
South Asia (IDA & IBRD)	TSA	1717.989504	1797.356059	1927.88695	2014.578006	2109.683316	2182.265863	2344.619895	2547.689576	2814.008969	3100.514212	3384.912833	3529.942117	3768.170702	4093.788687	4376.239375	4641.064422	4942.41639	5293.756848	5654.378931
Sub-Saharan Africa (IDA & IBRD countries)	TSS	1805.956302	1823.414992	1843.810019	1902.328839	1971.799292	2009.157619	2097.139627	2353.120626	2495.010468	2680.455699	2867.342849	2999.853641	3038.142103	3166.360693	3285.740063	3378.322469	3508.190614	3641.41007	3694.843523
Trinidad and Tobago	TTO	10963.26875	11963.9514	13098.57823	14373.03668	15260.39035	16653.0008	19343.9187	21348.08614	23287.68947	27044.04808	28947.79744	30374.54855	29123.05012	29307.87116	29765.01193	30571.90635	31454.63158	32083.79961	32596.51489
Tunisia	TUN	5198.058464	5435.986456	5777.449201	6124.649415	6435.931365	6554.394529	6934.79254	7499.236723	7933.254737	8521.765994	9246.809984	9728.978852	9994.097511	10364.57175	10203.80122	10672.5676	10984.91321	11307.80017	11397.23515
Turkey	TUR	6283.881612	8718.848635	8311.060006	9320.910052	8749.151635	8784.446032	8915.651254	10278.93441	11512.46579	13026.34631	14034.77742	15181.65864	14651.10041	16165.81237	17796.47519	18449.25002	19042.88042	19390.38114	19618.22471
Tuvalu	TUV	2081.817035	2421.244743	2409.52912	2428.779986	2510.860974	2733.428397	2678.136383	2698.809178	2667.085324	2796.861693	3043.63125	3342.866072	3212.379397	3156.748086	3488.248359	3552.926553	3651.792278	3779.05973	
Tanzania	TZA	1062.550398	1086.756748	1128.546867	1180.742537	1246.881506	1320.61459	1400.30356	1507.797731	1634.893131	1711.3887	1847.864593	1927.688998	1983.222862	2068.488487	2206.910779	2289.261876	2417.77273	2547.167957	2667.290661
Uganda	UGA	753.2620173	775.281079	825.0714212	843.5686037	878.7751789	938.7656153	985.948465	1046.226316	1110.288761	1225.917546	1319.332522	1414.153425	1478.044546	1522.078551	1648.531066	1696.494424	1723.446179	1777.32719	1825.307071
Ukraine	UKR	3404.628912	3406.497525	3484.41102	3812.138111	4300.749281	4639.718772	5219.247196	6057.435666	6468.381721	7202.3367	8025.898666	8417.004142	7257.897526	7685.569632	8281.867126	8472.201129	8629.934387	8666.902913	7915.870874
Upper middle income	UMC	4464.370962	4651.888335	4853.483442	5248.297188	5524.800037	5848.872752	6263.49002	6921.179269	7675.111892	8671.183163	9680.452076	10595.34248	10912.73392	11813.57008	12863.66045	13686.52472	14331.31198	15158.94084	15696.59682
Uruguay	URY	9820.770507	10309.39232	10210.8809	10204.91446	10018.55847	9383.952934	9654.336695	10421.03573	11553.52941	12376.34403	13501.56642	14705.51664	15391.16953	16736.856	17904.81986	18817.87492	19945.67564	20859.24914	21200.58781
United States	USA	31572.69023	32949.19776	34620.9289	36449.85512	37273.6181	38166.03784	39677.19835	41921.80976	44307.92058	46437.06712	48061.53766	48401.42734	47001.55535	48374.08679	49781.80066	51433.04709	52660.2951	54398.46001	55836.79263
Uzbekistan	UZB	1721.388824	1785.916608	1870.940391	1958.932465	2061.461383	2150.353282	2258.908406	2471.065293	2697.550293	2947.214645	3278.822341	3585.991287	3840.542875	4100.482835	4412.474193	4791.189289	5177.333578	5593.475486	5995.873011
St. Vincent and the Grenadines	VCT	5245.74479	5523.515717	5762.422067	5989.051031	6224.93858	6710.159797	7356.374613	7857.657225	8298.060558	9194.852667	9274.910242	10082.7546	9937.882869	9715.329005	9871.648577	10192.92981	10532.75609	10772.81705	11028.46542
"Venezuela, RB"	VEN	11795.16548	11725.96219	10981.35382	11427.40708	11862.25794	10779.40287	9961.91036	11897.38283	13317.17856	14830.9158	16289.45862	17208.19337	16523.93967	16228.34081	17001.91324	18027.89012	18309.15232		
Vietnam	VNM	1766.479257	1859.814947	1948.959234	2100.243076	2252.422657	2403.517497	2590.294311	2828.047516	3102.936693	3383.69504	3681.316118	3924.101329	4123.425804	4395.510163	4715.886349	5000.764854	5301.113017	5649.587592	6022.622554
Vanuatu	VUT	2033.554627	2107.082467	2107.761018	2237.584965	2159.381617	2030.384081	2105.441392	2192.447393	2323.459088	2533.85912	2669.742795	2828.478687	2874.87888	2888.349379	2915.239621	2952.413431	2991.137044	3041.631127	
West Bank and Gaza	PSE	2560.86096	3178.090712	3710.124435	3331.356147	3106.931624	3031.451816	3300.10837	3592.666868	4010.147761	3844.389747	3780.691175	3423.596339	4053.048933	4078.495891	4356.341825	4931.002184	4655.840516	4544.245659	5009.919041
World	WLD	6994.278666	7175.79367	7440.270589	7883.769465	8166.126426	8436.219235	8799.307065	9409.145125	10051.70476	10883.65353	11650.48718	12178.29586	12157.08156	12793.81971	13487.37114	14025.49917	14525.51665	15059.29098	15464.57022
Samoa	WSM	2966.677645	3050.734449	3150.922756	3428.698019	3729.844194	3928.676984	4162.378933	4446.681442	4750.403152	4961.204069	5380.617521	5505.21341	5244.284423	5295.666099	5674.475341	5757.17964	5693.001761	5811.322249	5922.815359
"Yemen, Rep."	YEM	2783.385743	2897.508725	2969.209344	3135.572383	3236.074869	3319.70306	3414.526086	3545.744394	3756.53213	3883.045238	4004.21835	4128.411821	4212.586493	4286.404038	3616.243909	3675.563373	3791.603195		
South Africa	ZAF	7515.276635	7457.411027	7568.321317	7868.306617	8097.480791	8425.028604	8733.844033	9260.60182	9929.090688	10658.78838	11368.86271	11792.05738	11529.36941	11847.08039	12291.73384	12598.94312	12881.94282	13083.22049	13165.14802
"Congo, Dem. Rep."	COD	481.5914621	467.4798298	443.2927607	410.9759541	399.8600909	405.4826844	423.0995119	449.3959026	476.737205	501.115433	529.2218734	554.8883649	556.7280751	584.2600548	617.1479614	652.3885874	696.9772633	748.0066053	782.7714508
Zambia	ZMB	1580.616009	1548.674133	1601.615111	1657.539629	1740.077004	1800.201239	1914.459504	2051.635271	2210.92204	2391.85028	2586.002087	2760.254241	2949.215601	3195.758582	3342.570854	3552.200248	3680.979071	3810.661036	3852.658974
Zimbabwe	ZWE	1994.899482	2046.412765	2036.210228	1998.49185	2056.351718	1889.113103	1588.96694	1526.647718	1472.435072	1449.120124	1415.027698	1170.461903	1229.382424	1360.876026	1523.621784	1679.125594	1743.210783	1798.059812	1793.586092
